use kinos;

insert into kinos.workers (id, lastname, firstname, dob)
values (1, 'Иванов', 'Кирилл', '2000-12-05'),
       (2, 'Примеров', 'Уран', '2000-12-05'),
       (3, 'Обоев', 'Рулон', '2000-12-05'),
       (4, 'Надоев', 'Рекорд', '2000-12-05'),
       (5, 'Работов', 'Работник', '1995-12-23'),
       (6, 'Полежайкин', 'Никита', '1998-08-11'),
       (7, 'Каримов', 'Кирилл', '1994-05-20');

insert into kinos.movies (id, title, duration, begin_film_release, end_film_release, distributor)
values (1, 'Мададаскар', '01:26:00', '2020-09-15 19:30:10', '2020-12-15 19:30:10', 'UIP'),
       (2, 'Терминатор', '01:48:00', '2020-09-15 19:30:10', '2020-12-15 19:30:10', 'Двадцатый Век Фокс СНГ'),
       (3, 'Ковбой Бипоп', '01:55:00', '2020-09-15 19:30:10', '2020-12-15 19:30:10', 'Columbia/Sony'),
       (4, 'Неизвестная Мэрилин', '01:47:00', '2020-12-19 18:26:19', '2020-12-23 18:26:25', 'Волга'),
       (5, 'Тайна красной планеты', '01:28:00', '2020-11-18 18:28:56', '2020-12-18 18:29:02', 'Уолт Дисней СНГ'),
       (6, 'Джеки', '01:40:00', '2020-12-24 18:30:07', '2020-12-27 18:30:11', 'Cinema Prestige'),
       (7, 'Мальчик в полосатой пижаме', '01:30:00', '2020-08-23 18:31:36', '2020-10-23 18:31:39', 'Уолт Дисней СНГ');

insert into kinos.cinema_halls (id, name_of_hall, description)
values (1, 'Первый зал', 'Основной зал'),
       (2, 'Второй зал', 'Малый зал'),
       (3, 'Третий зал', 'Дополнительный зал'),
       (4, 'Четвертый зал', 'Дополнительный зал'),
       (5, 'Пятый зал', 'Дополнительный зал'),
       (6, 'Шестой зал', 'Дополнительный зал'),
       (7, 'Седьмой зал', 'Дополнительный зал');


insert into kinos.seats (id, cinema_halls_id, row_index, seat_index)
values (1, 1, 1, 1),
       (2, 1, 1, 2),
       (3, 1, 1, 3),
       (4, 1, 1, 4),
       (5, 1, 1, 5),
       (6, 2, 1, 1),
       (7, 1, 1, 7),
       (8, 5, 1, 1),
       (9, 3, 1, 1),
       (10, 4, 1, 1),
       (11, 5, 1, 2),
       (12, 6, 1, 1),
       (13, 3, 2, 1),
       (14, 6, 1, 2),
       (15, 7, 1, 1),
       (16, 3, 3, 1),
       (17, 1, 1, 6);

insert into kinos.movie_shows (id, cinema_halls_id, start_of_show, movies_id)
values (1, 1, '2020-09-15 19:30:10', 1),
       (2, 1, '2020-12-23 14:26:26', 1),
       (3, 1, '2020-12-25 14:27:46', 2),
       (4, 2, '2020-12-23 18:23:05', 5),
       (5, 3, '2020-06-23 18:23:10', 6),
       (6, 4, '2020-12-25 18:23:15', 7),
       (7, 5, '2020-09-28 18:23:18', 5),
       (8, 6, '2020-08-23 18:23:30', 6),
       (9, 7, '2020-12-23 18:23:33', 2),
       (10, 3, '2020-08-23 18:23:39', 3),
       (11, 2, '2020-06-23 18:23:34', 4),
       (12, 1, '2020-07-24 18:24:06', 1),
       (13, 5, '2020-08-23 18:24:13', 2),
       (14, 4, '2020-04-23 18:24:16', 3),
       (15, 5, '2020-02-23 18:24:19', 4),
       (16, 6, '2020-03-23 18:24:29', 5),
       (17, 6, '2020-06-23 18:24:23', 3);

insert into kinos.tickets (id, date_of_issue, movie_show_id, seats_id, is_payed, is_booked, type_of_payment)
values (2, '2020-12-21', 1, 2, 1, 1, 'картой'),
       (3, '2020-12-24', 2, 3, 1, 1, 'картой'),
       (5, '2020-12-21', 1, 2, 1, 1, 'картой'),
       (6, '2020-12-15', 2, 3, 1, 1, 'наличный расчет'),
       (19, '2020-12-10', 5, 1, 1, 1, 'наличный расчет'),
       (20, '2020-12-14', 6, 4, 1, 1, 'наличный расчет'),
       (21, '2020-12-12', 3, 5, 1, 1, 'наличный расчет'),
       (22, '2020-12-15', 6, 6, 1, 1, 'наличный расчет'),
       (23, '2020-12-10', 7, 7, 1, 1, 'наличный расчет'),
       (24, '2020-12-22', 4, 5, 1, 1, 'наличный расчет'),
       (25, '2020-12-17', 9, 1, 1, 1, 'картой'),
       (26, '2020-12-11', 4, 2, 1, 1, 'картой'),
       (27, '2020-12-15', 5, 4, 1, 1, 'картой'),
       (28, '2020-12-09', 6, 5, 1, 1, 'картой'),
       (29, '2020-12-12', 7, 6, 1, 1, 'картой'),
       (30, '2020-12-19', 8, 7, 1, 1, 'картой'),
       (31, '2020-12-14', 3, 4, 1, 1, 'наличный расчет');

insert into kinos.ops_on_tickets (id, date_of_op, op_type, workers_id, ticket_id)
values (1, '2020-12-21 16:40:48', null, 1, 2),
       (2, '2020-12-21 16:41:27', null, 2, 2),
       (3, '2020-12-21 16:41:31', null, 1, 2),
       (4, '2020-12-21 17:00:22', null, 1, 2),
       (5, '2020-12-21 17:00:34', null, 1, 2),
       (7, '2020-12-23 18:46:35', null, 1, 20),
       (8, '2020-12-23 18:46:38', null, 4, 21),
       (9, '2020-12-23 18:46:39', null, 2, 22),
       (10, '2020-12-23 18:46:39', null, 3, 23),
       (11, '2020-12-23 18:46:40', null, 4, 24),
       (12, '2020-12-23 18:46:41', null, 5, 25),
       (13, '2020-12-23 18:46:42', null, 1, 26),
       (14, '2020-12-23 18:46:43', null, 2, 22),
       (15, '2020-12-23 18:46:43', null, 3, 23),
       (16, '2020-12-23 18:46:44', null, 4, 24),
       (17, '2020-12-23 18:46:45', null, 5, 26),
       (18, '2020-12-23 18:46:46', null, 6, 27);